Accept Payment,Αποδοχή πληρωμής,
After payment completion redirect user to selected page.,Μετά την ολοκλήρωση πληρωμής ανακατεύθυνση του χρήστη σε επιλεγμένη σελίδα.,
All,Ολα,
Allow items not in stock to be added to cart,Να επιτρέπεται η προσθήκη προϊόντων στο καλάθι,
Amount,Ποσό,
Amount Based On Field,Ποσό με βάση το πεδίο,
Amount Field,ποσό πεδίο,
Attributes,Γνωρίσματα,
Brand,Εμπορικό σήμα,
Button Help,κουμπί Βοήθεια,
Button Label,Button Label,
Category Name,Όνομα κατηγορίας,
Checkout Settings,Ταμείο Ρυθμίσεις,
Comment,Σχόλιο,
Compact Item Print,Compact Στοιχείο Εκτύπωση,
Company,Εταιρεία,
Content,Περιεχόμενο,
Copy From Item Group,Αντιγραφή από ομάδα ειδών,
Currency,Νόμισμα,
Customer,Πελάτης,
Default Customer Group,Προεπιλεγμένη ομάδα πελατών,
Description,Περιγραφή,
Display Settings,Ρυθμίσεις εμφάνισης,
Enable Attribute Filters,Ενεργοποίηση φίλτρων χαρακτηριστικών,
Enable Checkout,Ενεργοποίηση Ταμείο,
Enable Shopping Cart,Ενεργοποίηση του καλαθιού αγορών,
HTML / Banner that will show on the top of product list.,ΗΤΜΛ / banner που θα εμφανιστούν στην κορυφή της λίστας των προϊόντων.,
Has Variants,Έχει παραλλαγές,
Hide Variants,Απόκρυψη παραλλαγών,
Homepage Featured Product,Αρχική σελίδα Προτεινόμενο Προϊόν,
Image,Εικόνα,
Image Description,Περιγραφή εικόνας,
Image View,Προβολή εικόνας,
Invoices,Τιμολόγια,
Is Active,Είναι ενεργό,
Is Billing Contact,Είναι επαφή χρέωσης,
Is Your Company Address,Η εταιρεία σας Διεύθυνση,
Item,Είδος,
Item Code,Κωδικός είδους,
Item Description,Περιγραφή είδους,
Item Details,Λεπτομέρειες είδους,
Item Fields,Πεδία στοιχείων,
Item Group,Ομάδα ειδών,
Item Image (if not slideshow),Φωτογραφία είδους (αν όχι slideshow),
Item Name,Ονομα προϊόντος,
Items,Είδη,
Keyboard Shortcuts,Συντομεύσεις πληκτρολογίου,
Label,Ετικέτα,
List this Item in multiple groups on the website.,Εμφάνισε το είδος σε πολλαπλές ομάδες στην ιστοσελίδα.,
More Information,Περισσότερες πληροφορίες,
My Account,Ο Λογαριασμός Μου,
Naming Series,Σειρά ονομασίας,
Orders,Παραγγελίες,
Payment Gateway,Πύλη Πληρωμών,
Payment Gateway Account,Πληρωμή Λογαριασμού Πύλη,
Payment Success Url,Πληρωμή επιτυχία URL,
Payments,Πληρωμές,
Price List,Τιμοκατάλογος,
Prices will not be shown if Price List is not set,Οι τιμές δεν θα εμφανίζεται αν Τιμοκατάλογος δεν έχει οριστεί,
Print UOM after Quantity,Εκτύπωση UOM μετά την ποσότητα,
Print taxes with zero amount,Εκτυπώστε φόρους με μηδενικό ποσό,
Products,Προϊόντα,
Products per Page,Προϊόντα ανά σελίδα,
Published,Δημοσιευμένο,
Published on,Δημοσιεύτηκε στις,
Quotation Series,Σειρά προσφορών,
Rating,Εκτίμηση,
Reload,Επαναφόρτωση,
Reviews,Κριτικές,
Route,Διαδρομή,
Sales Manager,Διευθυντής πωλήσεων,
Save Quotations as Draft,Αποθηκεύστε τις Προσφορές ως Πρόχειρο,
Session Defaults,Προεπιλογές περιόδου σύνδεσης,
Set Meta Tags,Ορίστε μεταγλωττιστές,
Shopping Cart,Καλάθι αγορών,
Show Apply Coupon Code,Εμφάνιση εφαρμογής κωδικού κουπονιού,
Show Contact Us Button,Εμφάνιση κουμπιού επαφών,
Show Price,Εμφάνιση Τιμή,
Show Public Attachments,Εμφάνιση δημόσιων συνημμένων,
Show Stock Availability,Εμφάνιση διαθεσιμότητας αποθεμάτων,
Show Stock Quantity,Εμφάνιση ποσότητας αποθέματος,
Show a slideshow at the top of the page,Δείτε μια παρουσίαση στην κορυφή της σελίδας,
Show in Website,Εμφάνιση στον ιστότοπο,
Show this slideshow at the top of the page,Εμφάνιση αυτής της παρουσίασης στην κορυφή της σελίδας,
Slideshow,Παρουσίαση,
Sort Order,Σειρά ταξινόμησης,
Stock Manager,Διευθυντής Αποθεματικού,
Stock UOM,Μ.Μ. Αποθέματος,
Stock User,Χρήστης Αποθεματικού,
System Manager,Διαχειριστής συστήματος,
Tax Category,Φορολογική κατηγορία,
Thumbnail,Μικρογραφία,
Title,Τίτλος,
User,Χρήστης,
Variant Of,Παραλλαγή του,
View,Προβολή,
View Website,Δείτε την ιστοσελίδα,
Warehouse,Αποθήκη,
Website Content,Περιεχόμενο ιστότοπου,
Website Description,Περιγραφή δικτυακού τόπου,
Website Image,Εικόνα ιστοτόπου,
Website Item Groups,Ομάδες ειδών δικτυακού τόπου,
Website Manager,Διαχειριστής ιστοσελίδας,
Website Settings,Ρυθμίσεις δικτυακού τόπου,
Website Specifications,Προδιαγραφές δικτυακού τόπου,
Website Warehouse,Αποθήκη δικτυακού τόπου,
Weightage,Ζύγισμα,
You can use any valid Bootstrap 4 markup in this field. It will be shown on your Item Page.,Μπορείτε να χρησιμοποιήσετε οποιαδήποτε έγκυρη σήμανση Bootstrap 4 σε αυτό το πεδίο. Θα εμφανιστεί στη σελίδα του στοιχείου.,
